nom,dieu,description, link
Abadar,Dieux majeurs,dieu de la civilisation, https://www.pathfinder-fr.org/Wiki/Golarion.Abadar.ashx
Asmodéus,Dieux majeurs,dieu-diable des contrats, https://www.pathfinder-fr.org/Wiki/Golarion.Asmod%c3%a9us.ashx
Calistria,Dieux majeurs,déesse-elfe aux trois visages, https://www.pathfinder-fr.org/Wiki/Golarion.Calistria.ashx
Cayden Cailéan,Dieux majeurs,dieu des aventuriers, https://www.pathfinder-fr.org/Wiki/Golarion.Cayden%20Cail%c3%a9an.ashx
Desna,Dieux majeurs,déesse des étoiles, https://www.pathfinder-fr.org/Wiki/Golarion.Desna.ashx
Érastil,Dieux majeurs,dieu de la famille, https://www.pathfinder-fr.org/Wiki/Golarion.%c3%89rastil.ashx
Gorum,Dieux majeurs,dieu de la guerre, https://www.pathfinder-fr.org/Wiki/Golarion.Gorum.ashx
Gozreh,Dieux majeurs,dieu de la nature, https://www.pathfinder-fr.org/Wiki/Golarion.Gozreh.ashx
Iomédae,Dieux majeurs,déesse de la bravoure, https://www.pathfinder-fr.org/Wiki/Golarion.Iom%c3%a9dae.ashx
Irori,Dieux majeurs,dieu du savoir, https://www.pathfinder-fr.org/Wiki/Golarion.Irori.ashx
Lamashtu,Dieux majeurs,déesse de la folie, https://www.pathfinder-fr.org/Wiki/Golarion.Lamashtu.ashx
Néthys, Dieux majeurs,dieu de la magie, https://www.pathfinder-fr.org/Wiki/Golarion.N%c3%a9thys.ashx
Norgorber,Dieux majeurs,dieu du meurtre, https://www.pathfinder-fr.org/Wiki/Golarion.Norgorber.ashx
Pharasma,Dieux majeurs,déesse qui juge les défunts, https://www.pathfinder-fr.org/Wiki/Golarion.Pharasma.ashx
Rovagug,Dieux majeurs,dieu de la destruction, https://www.pathfinder-fr.org/Wiki/Golarion.Rovagug.ashx
Sarenrae,Dieux majeurs,déesse-ange du soleil, https://www.pathfinder-fr.org/Wiki/Golarion.Sarenrae.ashx
Shélyn,Dieux majeurs,déesse de la beauté, https://www.pathfinder-fr.org/Wiki/Golarion.Sh%c3%a9lyn.ashx
Torag,Dieux majeurs,dieu-nain des artisans, https://www.pathfinder-fr.org/Wiki/Golarion.Torag.ashx
Urgathoa,Dieux majeurs,déesse-liche des maladies, https://www.pathfinder-fr.org/Wiki/Golarion.Urgathoa.ashx
Zon-Kuthon,Dieux majeurs,dieu des ténèbres, https://www.pathfinder-fr.org/Wiki/Golarion.Zon-Kuthon.ashx
Achaékek,Autres dieux,l'Assassin Divin, https://www.pathfinder-fr.org/Wiki/Golarion.Acha%c3%a9kek.ashx
Apsu,Autres dieux,le Dragon Créateur, https://www.pathfinder-fr.org/Wiki/Golarion.Apsu.ashx
Aroden,Autres dieux,le Dernier des Azlants, https://www.pathfinder-fr.org/Wiki/Golarion.Aroden.ashx
Besmara,Autres dieux,la Reine-Pirate, https://www.pathfinder-fr.org/Wiki/Golarion.Besmara.ashx
Dahak,Autres dieux,le Dragon Destructeur, https://www.pathfinder-fr.org/Wiki/Golarion.Dahak.ashx
Droskar,Autres dieux,le Forgeron Sombre, https://www.pathfinder-fr.org/Wiki/Golarion.Droskar.ashx
Ghlaunder,Autres dieux,le Dieu Parasite, https://www.pathfinder-fr.org/Wiki/Golarion.Ghlaunder.ashx
Groétus,Autres dieux,la Fin des Temps, https://www.pathfinder-fr.org/Wiki/Golarion.Gro%c3%a9tus.ashx
Autres dieux,l'Homme Fort, https://www.pathfinder-fr.org/Wiki/Golarion.Kurgess.ashx
Kurgess,Autres dieux,Lissala,la déesse des Runes, https://www.pathfinder-fr.org/Wiki/Golarion.Lissala.ashx
Milani,Autres dieux,qui Fleurit Sans Cesse, https://www.pathfinder-fr.org/Wiki/Golarion.Milani.ashx
Razmir,Autres dieux,le faux dieu, https://www.pathfinder-fr.org/Wiki/Golarion.Razmir.ashx
Sivanah,Autres dieux,le Septième Voile, https://www.pathfinder-fr.org/Wiki/Golarion.Sivanah.ashx
Zyphus,Autres dieux,le Sombre Faucheur, https://www.pathfinder-fr.org/Wiki/Golarion.Zyphus.ashx
Le diabolisme,Quatre philosophies,, https://www.pathfinder-fr.org/Wiki/Golarion.Diabolisme.ashx
La Foi Verte,Quatre philosophies,, https://www.pathfinder-fr.org/Wiki/Golarion.Foi%20Verte.ashx
Les Prophéties de Kalistrade,Quatre philosophies,, https://pathfinder-fr.org/Wiki/Golarion.Proph%C3%A9ties%20de%20Kalistrade.ashx
La Voie du Murmure,Quatre philosophies,, https://www.pathfinder-fr.org/Wiki/Golarion.Voie%20du%20Murmure.ashx
Les archidaémons,Les autres cultes,  
Les archidiables,Les autres cultes, 
Les Dieux Extérieurs,Les autres cultes,, https://www.pathfinder-fr.org/Wiki/Golarion.Dieux%20Ext%c3%a9rieurs.ashx
Les Grands Anciens,Les autres cultes,,https://www.pathfinder-fr.org/Wiki/Golarion.Grands%20Anciens.ashx
Les seigneurs-démons,Les autres cultes,,https://www.pathfinder-fr.org/Wiki/Golarion.Seigneurs-d%c3%a9mons.ashx
Les seigneurs empyréens,Les autres cultes,,https://www.pathfinder-fr.org/Wiki/Golarion.Seigneurs%20empyr%c3%a9ens.ashx
Le Panthéon Orque,Les autres cultes,,https://www.pathfinder-fr.org/Wiki/Golarion.Panth%c3%a9on%20Orque.ashx