Catégorie,Nom,Description,Localisation,Histoire,Créatures Notables,Personnages Notables,Organisations Notables,Autres Détails
Région,Varisie,"Une région sauvage et diverse, connue pour ses mystères et ses ruines anciennes.","Nord-ouest de l'Avistan","Anciennement dominée par l'empire Thassilonien, la Varisie est maintenant un mélange de cités-états indépendantes et de territoires tribaux.","Rune Giants, Lamias","Nualia Tobyn, Sandpoint Heroes","L'Académie des Étoiles Écarlates, la Ligue de Fer","La Varisie abrite la célèbre ville de Magnimar et les mystérieuses ruines de Thistletop."
Région,Cheliax,"Un empire puissant et diabolique, dirigé par la maison Thrune et dédié à l'invocation diabolique.","Sud-ouest de l'Avistan","Autrefois une grande puissance humaine, Cheliax est maintenant connue pour son pacte avec les diables et son gouvernement tyrannique.","Diables, Infernaux","Reine Abrogail II, Gorthoklek","La Maison Thrune, Les Chevaliers Infernaux","Cheliax est célèbre pour sa capitale, Egorian, et ses rituels sombres."
Région,Mendev,"Une région marquée par les croisades contre les démons de la Plaie du Monde.","Nord-est de l'Avistan","Connue pour ses croisades saintes, Mendev est un bastion contre les forces démoniaques.","Démons, Balors","Reine Galfrey, Hulrun Shappok","La Croisade d'Argent, Les Gardiens de la Frontière","La ville fortifiée de Nerosyan est un point focal des efforts de défense contre les démons."
Région,Osirion,"Un ancien empire inspiré de l'Égypte antique, ressuscité dans une nouvelle ère de gloire.","Nord de Garund","Osirion a une histoire riche de pharaons et de tombes anciennes, maintenant redécouvertes sous la dynastie Keleshite.","Momies, Sphinx","Pharaon Khemet III","La Société des Éclaireurs, Les Érudits de Sothis","La capitale, Sothis, est célèbre pour sa grande pyramide noire."
Région,Brevoy,"Un royaume fracturé par des conflits internes et des intrigues politiques.","Nord de l'Avistan","Formé de l'union fragile de deux nations, Issie et Rostie, Brevoy est un foyer de tensions politiques.","Dragons, Bandits","Chancelier Noleski Surtova, Maegar Varn","Les Épéistes d'Issia, Les Seigneurs de Restov","Le lac des Brumes et des Voiles et la forteresse de Fort Defiance sont des lieux clés."
Région,Nex,"Une terre de magie avancée et de rivalités arcanes, souvent en conflit avec le Geb voisin.","Sud-est de Garund","Fondée par le magicien Nex, cette région est connue pour ses merveilles magiques et ses conflits incessants avec Geb.","Golems, Simulacres","Nex (le magicien), Arclord Avidexu","L'Académie Arcanamirium, Les Sorciers de Quantium","Quantium, la capitale, est un centre de recherche magique avancée."
Région,Geb,"Un royaume de morts-vivants dirigé par le nécromancien éponyme Geb.","Sud-est de Garund, au sud de Nex","Geb est une terre où les morts-vivants règnent, constamment en conflit avec Nex.","Liches, Vampires","Geb (le nécromancien), Arazni la Reine Lich","Les Chevaliers Ossifiés, La Garde Sépulcrale","La capitale, Mechitar, est connue pour ses marchés macabres et ses nécropoles."
Région,Andoran,"Une nation démocratique et libre, souvent en opposition avec Cheliax.","Sud-ouest de l'Avistan","Andoran s'est libérée du joug de Cheliax pour devenir une république prospère.","Hippogriffes, Gardiens d'Arbre","Président Codwin I, Talmandor","Les Aigles d'Or, La Ligue de l'Exploit","La forêt de Verduran et la capitale Almas sont des symboles de liberté et de résistance."
Région,Le Royaume des Griffes du Monde,"Une région arctique habitée par des tribus nomades et des créatures glaciales.","Extrême nord de l'Avistan","Connue pour ses conditions extrêmes et ses tribus barbares, cette région est souvent oubliée par les nations du sud.","Linnorms, Géants de Glace","Suérus, Amiri","Les Gardiens du Glacier, Les Éclaireurs de la Toundra","Les terres glacées et les montagnes impitoyables définissent cette région."
Région,Sargava,"Une ancienne colonie de Cheliax, maintenant indépendante et en quête de sa propre identité.","Sud-ouest de Garund","Sargava a gagné son indépendance après des siècles sous le joug de Cheliax, cherchant à forger sa propre voie.","Créatures de la jungle, Pirates","Baron Utilinus, Ieana","Les Libérateurs de Sargava, Les Flibustiers de l'Ouest","La capitale, Eleder, est un point de rencontre de cultures et de commerce maritime."
Région,Taldor,"Un ancien empire en déclin, autrefois l'une des plus grandes puissances de l'Avistan.","Centre-sud de l'Avistan","Taldor a une histoire glorieuse mais est maintenant marqué par la corruption et le déclin.","Sphinx, Cockatrices","Grand Prince Stavian III, Martella Lotheed","Les Lions d'Arbor, Les Lames d'Ébène","Oppara, la capitale, est connue pour ses magnifiques palais et son héritage impérial."
Région,Katapesh,"Un marché mondial où tout peut être acheté pour le bon prix, y compris des objets illégaux et exotiques.","Sud de Garund","Katapesh est un centre de commerce prospère, connu pour son bazar massif et ses marchés d'esclaves.","Génies, Sphinx","Pacha Muhlia Al-Jakri, Almah Roveshki","Les Marchands de l'Absolu, La Garde du Crépuscule","Katapesh est également le site du légendaire marché nocturne où des marchandises magiques sont vendues."
Région,Irrisen,"Un pays de glace éternelle dirigé par les sorcières de Baba Yaga.","Nord-ouest de l'Avistan","Fondée par la sorcière légendaire Baba Yaga, Irrisen est un royaume de glace et de magie.","Fées de l'hiver, Trolls de glace","Reine Elvanna, Baba Yaga","Les Sorcières de l'Hiver, Les Chevaliers de l'Hiver","La capitale Whitethrone est célèbre pour son palais de glace et ses nombreux secrets."
Région,Les Royaumes Fluviaux,"Un ensemble de cités-états indépendantes connues pour leur anarchie et leur liberté.","Centre-est de l'Avistan","Les Royaumes Fluviaux sont un refuge pour les exilés, les aventuriers et ceux cherchant la liberté.","Bandits, Nymphes","Hannibal Trask, Kessilandrie","Les Compagnons de la Rivière, La Ligue des Pirates","Les cités comme Daggermark et Pitax sont célèbres pour leurs intrigues politiques et leur anarchie."
Région,Le Mwangi Expanse,"Une vaste jungle tropicale abritant des civilisations anciennes et des mystères cachés.","Centre de Garund","Le Mwangi Expanse est un territoire vaste et sauvage, avec des ruines anciennes et des peuples indigènes.","Dinosaures, Tribes Simians","Mwangi Chieftains, Old-Mage Jatembe","Les Guerriers de Mzali, Les Érudits de Nantambu","Les ruines de la cité d'Usaro et le lac Ocota sont des lieux d'une grande importance."
Région,Razmiran,"Un théocratie dirigée par le tyrannique dieu auto-proclamé Razmir.","Nord-est de l'Avistan","Razmiran est contrôlée par Razmir et ses prêtres, imposant leur foi et extorquant la population.","Prêtres fanatiques, Rôdeurs morts-vivants","Razmir, Dumedion","Les Prêtres de Razmir, Les Chevaliers de la Foi","La ville de Thronestep est le centre du pouvoir de Razmir et de son culte oppressif."
Région,Ustalav,"Un royaume gothique hanté par des horreurs et des légendes sombres.","Nord-est de l'Avistan","Anciennement occupé par le tyran lich Whispering Tyrant, Ustalav est maintenant un royaume de mystères et de superstitions.","Vampires, Liches","Comte Neska, Whispering Tyrant","Les Pharasmiens, Les Chevaliers de l'Aube","La capitale Caliphas est connue pour ses brumes perpétuelles et ses châteaux gothiques."
Région,Qadira,"Une riche satrapie de l'empire Keleshite, connue pour ses caravanes et ses richesses.","Sud-est de l'Avistan","Qadira est la porte d'entrée vers l'empire de Kelesh et une terre de commerce prospère.","Génies, Sphinx","Satrap Xerbystes II, Pasha Muhlia al-Jakri","Les Cavaliers de la Porte, La Garde du Crépuscule","La capitale Katheer est un centre de commerce vibrant et d'intrigues politiques."
Région,L'Île de Jalmeray,"Une île mystique connue pour ses monastères et ses traditions spirituelles.","Mer Intérieure, au large de la côte de Nex","Jalmeray est influencée par les traditions Vudrani et est connue pour ses moines et ses mystiques.","Rakshasas, Génies","Maharaja Khiben-Sald, Master of the Scrolls","Les Maîtres des Monastères, Les Mystiques de Jalmeray","L'île est célèbre pour ses compétitions martiales et ses temples mystiques."
Région,Nirmathas,"Un jeune royaume en lutte constante pour son indépendance contre Molthune.","Centre de l'Avistan","Nirmathas a été formé après une rébellion réussie contre Molthune, mais les conflits continuent.","Guerriers tribaux, Rangers","Forest Marshal Weslen Gavirk, Irgal Nirmath","Les Rangers de Nirmathas, Les Libérateurs de la Forêt","La forêt de Fangwood est un symbole de résistance et de liberté pour les Nirmathi."
Région,Molthune,"Un empire expansionniste cherchant à reconquérir Nirmathas et d'autres territoires voisins.","Centre-sud de l'Avistan","Molthune est une puissance militaire et économique cherchant à étendre son influence.","Mercenaires, Soldats","Général Lord Markwin Teldas, Commandant Vrykan Pendrot","Les Légions de Molthune, Les Mercenaires de Braganza","La capitale Canorate est un centre stratégique et militaire crucial."
Région,Isger,"Un vassal de Cheliax connu pour ses terres ravagées par des guerres et des conflits orcs.","Centre-sud de l'Avistan","Isger a souffert de nombreux conflits, notamment les guerres gobelines qui ont laissé le pays en ruine.","Orcs, Gobelins","Hedvend VI, Halidan Tarne","Les Émissaires de Cheliax, Les Gardiens de la Route","La vallée de Conerica est un passage stratégique entre Cheliax et le reste de l'Avistan."
Région,Thuvia,"Une coalition de cités-états connues pour leur production de l'élixir de jouvence.","Nord-ouest de Garund","Thuvia est célèbre pour son élixir de jouvence, une potion rare qui attire de nombreux étrangers.","Sphinx, Sorciers","Artokus Kirran, Hespira","Les Alchimistes de Merab, Les Gardes de Lamasara","La ville de Pashow est un centre de commerce pour l'élixir précieux."
Région,The Shackles,"Un archipel de pirates et de hors-la-loi régnant sur les mers.","Sud de Garund","Les Shackles sont un refuge pour les pirates et les flibustiers qui contrôlent les routes maritimes.","Kraken, Pirates","Hurricane King Kerdak Bonefist, Tessa Fairwind","Les Pirates des Shackles, Les Flibustiers du Sud","La ville de Port Peril est le siège du pouvoir des pirates."
Région,Les Terres des Linnorm Kings,"Un royaume de vikings et de héros cherchant à prouver leur valeur en tuant des linnorms.","Nord de l'Avistan","Les Linnorm Kings sont des guerriers et des chefs qui doivent tuer un dragon linnorm pour prouver leur droit de régner.","Linnorms, Trolls","White Estrid, Sveinn Blood-Eagle","Les Jarls des Linnorm Kings, Les Skalds du Nord","La ville de Kalsgard est le plus grand port et centre commercial de la région."
Région,Alkenstar,"Une ville-état technologique connue pour ses innovations en matière de poudre à canon et de mécaniques.","Sud-ouest de Garund, Mana Wastes","Alkenstar est un bastion de technologie et de progrès, entouré par les dangereuses Mana Wastes.","Automates, Technomanciens","Grand Duchess Trietta Ricia, Gossamer","Les Ingénieurs d'Alkenstar, Les Gardiens des Poudrières","Le grand atelier de la ville est un centre de développement technologique avancé."
Région,Le Druma,"Une théocratie marchande dirigée par le Prophète Blanc et connue pour sa richesse commerciale.","Centre de l'Avistan","Druma est une puissance économique grâce à sa guilde de marchands et son influence religieuse.","Marchands, Golems","Prophète Blanc Kalistrade, Lord Gyr of House Gixx","Les Mercenaires de la Garnison, La Guilde des Marchands","Kerse, la capitale, est un centre de commerce florissant et de pratiques religieuses de Kalistrade."
Région,Le Rahadoum,"Un pays où la religion est interdite, dirigé par des philosophes laïques.","Ouest de Garund","Rahadoum est connu pour ses Lois du Manifeste Interdit, bannissant toutes les pratiques religieuses.","Élémentaires, Djinns","Commandant Omari, Maraca Al-Jakri","Les Phalanstères, Les Gardes de la Pureté","La capitale Azir est un centre de commerce et de philosophie laïque."
Région,La Plaie du Monde,"Une région corrompue et dévastée par les démons de l'Abysse.","Nord de l'Avistan","La Plaie du Monde est une cicatrice laissée par une éruption démoniaque massive.","Démons, Balors","Aponavicius, Khorramzadeh","Les Croisés d'Iomedae, Les Sentinelles de Lastwall","La forteresse de Drezen est un symbole de la lutte contre les forces démoniaques."
Région,Le Galt,"Une nation en constante révolution, marquée par l'instabilité et la violence.","Centre-est de l'Avistan","Galt était autrefois une terre de prospérité, maintenant déchirée par des révolutions constantes.","Faucheuses de l'Âme, Révolutionnaires","Korran Goss, Camilia Drannoch","Les Révolutionnaires de Galt, Les Faucheuses Rouges","La Guillotine Écarlate est un symbole de la terreur et de l'instabilité politique."
Région,L'Hermea,"Une utopie insulaire dirigée par le dragon d'or Mengkare.","Mer Intérieure","Hermea est une expérience sociale visant à créer une société parfaite, dirigée par le dragon d'or Mengkare.","Dragons, Humanoïdes","Mengkare, Phiton","Les Gardiens d'Hermea, Les Philosophes d'Or","La ville de Promise est un modèle de perfection sociale et de progrès."
Région,Les Mana Wastes,"Une région dévastée par la magie sauvage et les conflits arcanes.","Sud de Garund, entre Nex et Geb","Les Mana Wastes sont le résultat de guerres magiques entre Nex et Geb, une terre de désolation et de magie instable.","Mutants, Aberrations","Kazavon, Dahak","Les Magistres des Ruines, Les Survivants des Wastes","La Citadelle Dinyar est un bastion de civilisation dans un désert magique."
Région,Le Tien Xia,"Un continent lointain inspiré de la culture asiatique, avec des empires anciens et des mystères exotiques.","Est de Golarion","Tien Xia est une terre de traditions millénaires, de mysticisme et de guerriers légendaires.","Oni, Dragons Célestes","Shogun Nobunaga, Empereur Shigure","Les Samouraïs de Minkai, Les Moines de Tianjing","La Cité des Cieux est un lieu de sagesse ancienne et de secrets spirituels."
Région,Le Vudra,"Un continent riche en traditions mystiques et en merveilles exotiques.","Sud-est de Golarion","Vudra est une terre de dieux, de rituels anciens et de guerriers sacrés.","Rakshasas, Nagas","Rani Amara, Gurudar","Les Guerriers Kshatriya, Les Yogis de Vudra","La Cité de l'Aurore est un centre de lumière spirituelle et de connaissances anciennes."
Région,Le Casmaron,"Un continent vaste et varié, encore largement inexploré par les peuples de l'Avistan et de Garund.","Est de Golarion","Casmaron est un lieu de mystères anciens, de civilisations perdues et de dangers inconnus.","Trolls, Géants","Karzoug le Claquant, Xin","Les Explorateurs de l'Inconnu, Les Gardiens de l'Ancien Monde","La Grande Muraille de Karamoss est une frontière mystérieuse entre civilisations."
Région,Sarkoris,"Une terre autrefois prospère maintenant dévastée par la Plaie du Monde.","Nord de l'Avistan","Sarkoris était autrefois un pays de druides et de chamans avant d'être envahi par les démons.","Démons, Balors","Aravashnial, Hulrun","Les Druides de Sarkoris, Les Résistants de la Plaie","Les ruines de Storasta et la forteresse démoniaque de Threshold sont des lieux clés."
Région,Le Nidal,"Une nation dominée par les ombres et dédiée à la déesse Zon-Kuthon.","Ouest de l'Avistan","Nidal a accepté la domination de Zon-Kuthon pour échapper à la destruction lors de Earthfall.","Créatures des ombres, Kuthites","Reine Abrogail Thrune, Seviikar","Les Chevaliers de l'Ombre, Les Inquisiteurs de Zon-Kuthon","La capitale Pangolais est un lieu de terreur et de souffrance."
Région,Le Touvette,"Un royaume agricole paisible souvent négligé par les grandes puissances.","Centre-nord de l'Avistan","Le Touvette est connu pour sa terre fertile et ses conflits locaux.","Bandits, Faunes","Comte Varian Jeggare, Dame Mariya Pyrellos","Les Gardes de Touvette, Les Paysans Unis","La capitale Bellis est une ville tranquille entourée de champs et de forêts."
Région,Le Hold de Belkzen,"Une terre sauvage dominée par les orcs et leurs chefs de guerre.","Nord-ouest de l'Avistan","Belkzen est une région chaotique connue pour ses hordes orques et ses raids constants.","Orcs, Trolls","Gorza Bloodfur, Grask Uldeth","Les Clans Orques, Les Guerriers de Belkzen","Urgir, la capitale, est une ville fortifiée construite sur des ruines anciennes."
Région,L'Archipel des Steaming Sea,"Un groupe d'îles volcanique avec une forte activité géothermique.","Nord de Garund","Connue pour ses îles volcaniques et ses créatures uniques, cette région est souvent dangereuse pour les marins.","Géants de feu, Magma elementals","Prince Yarrik, Capitaine Duggar","Les Pirates des Steaming Sea, Les Explorateurs de Feu","Les îles de cette région sont riches en minerais rares et en activités volcaniques."
Région,Le Shining Crusade,"Une région marquée par les guerres contre les morts-vivants.","Nord-ouest de l'Avistan","Lieu des grandes batailles de la Croisade Brillante contre le Tyran Chuchotant.","Vampires, Liches","Général Arnisant, Iomedae","Les Chevaliers de l'Aube, Les Paladins de la Lumière","La citadelle de Vigil et les champs de bataille sacrés sont des lieux mémorables."
Région,L'Isle of Kortos,"L'île centrale où se trouve Absalom, la Cité au Centre du Monde.","Mer Intérieure","Fondée par Aroden, Kortos est le cœur du commerce et de l'aventure.","Sphinx, Hydras","Lord Gyr d'Absalom, Lady Darchana","La Société des Éclaireurs, Les Gardes d'Absalom","Le Starstone Cathedral et le mystérieux Spire of Nex sont des lieux emblématiques."
Ville,Absalom,"La plus grande et la plus influente cité du monde connu, souvent appelée la Cité au Centre du Monde.","Île de Kortos, Mer Intérieure","Fondée par Aroden, le dieu disparu de l'humanité, Absalom est un centre de commerce, de culture et de politique.","Diverses, y compris les golems gardiens de la ville","Lord Gyr d'Absalom, Lady Darchana","La Société des Éclaireurs, le Conseil des Tyrans","Absalom est connue pour ses vastes marchés, ses arènes de gladiateurs et sa mystérieuse Tour de l'Éclaireur."
Ville,Katheer,"La capitale de Qadira, un centre de commerce et de culture.","Qadira, sud-est de l'Avistan","Katheer est une ville prospère, connue pour ses caravanes marchandes et ses marchés exotiques.","Génies, Élémentaires","Satrap Xerbystes II, Pasha Muhlia al-Jakri","Les Cavaliers de la Porte, La Garde du Crépuscule","Katheer est célèbre pour ses bazars animés et ses palais somptueux."
Ville,Whitethrone,"La capitale glaciale d'Irrisen, gouvernée par les sorcières de Baba Yaga.","Irrisen, nord-ouest de l'Avistan","Fondée par Baba Yaga, Whitethrone est un centre de pouvoir glacial et magique.","Trolls de glace, Fées de l'hiver","Reine Elvanna, Baba Yaga","Les Sorcières de l'Hiver, Les Chevaliers de l'Hiver","La ville est connue pour son palais de glace et ses marchés hivernaux."
Ville,Egorian,"La capitale sombre et imposante de Cheliax, connue pour son architecture gothique.","Cheliax, sud-ouest de l'Avistan","Egorian est le centre du pouvoir diabolique de Cheliax, régie par la maison Thrune.","Diables, Infernaux","Reine Abrogail II, Gorthoklek","La Maison Thrune, Les Chevaliers Infernaux","Egorian est célèbre pour ses rituels sombres et ses palais gothiques."
Ville,Sothis,"La capitale d'Osirion, dominée par la Grande Pyramide Noire.","Osirion, nord de Garund","Sothis est une ville ancienne et vénérable, riche en histoire pharaonique et en mystères.","Momies, Sphinx","Pharaon Khemet III, Grand Vizir","La Société des Éclaireurs, Les Érudits de Sothis","La ville est connue pour ses grandes pyramides et ses nombreux temples anciens."
Ville,Kalsgard,"Le plus grand port et centre commercial des Terres des Linnorm Kings.","Nord de l'Avistan","Kalsgard est une ville de vikings et de marchands, un carrefour de cultures nordiques.","Linnorms, Trolls","White Estrid, Sveinn Blood-Eagle","Les Jarls des Linnorm Kings, Les Skalds du Nord","Kalsgard est célèbre pour ses marchés animés et ses compétitions de combat."
Ville,Almas,"La capitale d'Andoran, symbole de liberté et de démocratie.","Andoran, sud-ouest de l'Avistan","Almas est une ville prospère, connue pour ses valeurs démocratiques et son commerce maritime.","Hippogriffes, Gardiens d'Arbre","Président Codwin I, Talmandor","Les Aigles d'Or, La Ligue de l'Exploit","La ville est réputée pour sa forêt de Verduran et ses institutions démocratiques."
Ville,Eleder,"La capitale de Sargava, un point de rencontre de cultures et de commerce maritime.","Sargava, sud-ouest de Garund","Eleder est une ville portuaire influencée par diverses cultures en quête de son identité post-coloniale.","Créatures de la jungle, Pirates","Baron Utilinus, Ieana","Les Libérateurs de Sargava, Les Flibustiers de l'Ouest","La ville est connue pour son port animé et ses divers marchés."
Ville,Mechitar,"La capitale macabre de Geb, un centre de pouvoir nécromantique.","Geb, sud-est de Garund","Mechitar est une ville où les morts-vivants règnent et les vivants sont rares.","Liches, Vampires","Geb (le nécromancien), Arazni la Reine Lich","Les Chevaliers Ossifiés, La Garde Sépulcrale","La ville est célèbre pour ses marchés macabres et ses nécropoles imposantes."
Ville,Quantium,"La capitale magique de Nex, un centre de recherche arcanique avancée.","Nex, sud-est de Garund","Quantium est une ville où la magie règne en maître, fondée par le légendaire magicien Nex.","Golems, Simulacres","Nex (le magicien), Arclord Avidexu","L'Académie Arcanamirium, Les Sorciers de Quantium","Quantium est connue pour ses tours magiques et ses universités arcaniques."
Ville,Oppara,"La capitale impériale de Taldor, riche en histoire et en culture.","Taldor, centre-sud de l'Avistan","Oppara est une ville ancienne, connue pour ses palais opulents et son héritage impérial.","Sphinx, Cockatrices","Grand Prince Stavian III, Martella Lotheed","Les Lions d'Arbor, Les Lames d'Ébène","Oppara est célèbre pour ses magnifiques palais et ses festivals culturels."
Ville,Port Peril,"Le siège du pouvoir des pirates des Shackles, une ville de hors-la-loi et d'aventuriers.","Les Shackles, sud de Garund","Port Peril est un refuge pour les pirates et les flibustiers qui contrôlent les routes maritimes.","Kraken, Pirates","Hurricane King Kerdak Bonefist, Tessa Fairwind","Les Pirates des Shackles, Les Flibustiers du Sud","La ville est connue pour ses tavernes animées et son marché noir."
Ville,Daggermark,"Une des cités-états les plus influentes des Royaumes Fluviaux, connue pour ses assassins.","Royaumes Fluviaux, centre-est de l'Avistan","Daggermark est un centre d'intrigues politiques et d'assassinats.","Assassins, Mercenaires","Martro Livondar, Jaris Damiri","La Guilde des Assassins, Les Mercenaires de Daggermark","La ville est célèbre pour son marché noir et ses intrigues."
Ville,Promise,"La ville utopique d'Hermea, dirigée par le dragon d'or Mengkare.","Hermea, Mer Intérieure","Promise est une ville modèle de perfection sociale et de progrès, fondée par Mengkare.","Dragons, Humanoïdes","Mengkare, Phiton","Les Gardiens d'Hermea, Les Philosophes d'Or","Promise est connue pour ses réformes sociales et ses avancées culturelles."
Ville,Caliphas,"La capitale gothique d'Ustalav, un centre de mystères et de superstitions.","Ustalav, nord-est de l'Avistan","Caliphas est une ville imprégnée de légendes sombres et de créatures nocturnes.","Vampires, Liches","Comte Neska, Whispering Tyrant","Les Pharasmiens, Les Chevaliers de l'Aube","La ville est célèbre pour ses brumes perpétuelles et ses châteaux gothiques."
Ville,Nerosyan,"La capitale fortifiée de Mendev, bastion contre les démons de la Plaie du Monde.","Mendev, nord-est de l'Avistan","Nerosyan est un symbole de résistance contre les forces démoniaques, connue pour ses croisades saintes.","Démons, Balors","Reine Galfrey, Hulrun Shappok","La Croisade d'Argent, Les Gardiens de la Frontière","La ville est célèbre pour ses murailles fortifiées et ses temples."
Ville,Canorate,"La capitale stratégique de Molthune, un centre militaire et économique.","Molthune, centre-sud de l'Avistan","Canorate est une ville fortifiée, essentielle à la stratégie militaire de Molthune.","Mercenaires, Soldats","Général Lord Markwin Teldas, Commandant Vrykan Pendrot","Les Légions de Molthune, Les Mercenaires de Braganza","La ville est connue pour ses fortifications et ses marchés animés."
Ville,Kerse,"La capitale marchande de Druma, riche en commerce et en pratiques religieuses.","Druma, centre de l'Avistan","Kerse est une ville prospère, centre de la religion de Kalistrade et du commerce international.","Marchands, Golems","Prophète Blanc Kalistrade, Lord Gyr of House Gixx","Les Mercenaires de la Garnison, La Guilde des Marchands","La ville est réputée pour ses marchés florissants et ses pratiques religieuses uniques."
Ville,Azlanti Keep,"La capitale ancienne de l'empire Azlanti, maintenant en ruines sous la mer.","Mer Intérieure","Azlanti Keep est un vestige de l'ancienne civilisation Azlanti, riche en artefacts et en mystères.","Kraken, Atlantes","Emperor Azlant, High Mage Zaelios","Les Gardes de l'Empire, Les Érudits de l'Océan","La ville est connue pour ses ruines sous-marines et ses trésors anciens."
Ville,Longacre,"Une ville de Cheliax connue pour sa loyauté envers la Maison Thrune.","Cheliax, sud-ouest de l'Avistan","Longacre est un bastion de la Maison Thrune, souvent utilisée pour réprimer les rébellions.","Diables, Inquisitors","Archbaroness Eldonna, Cimri Staelish","Les Loyalistes de Thrune, Les Enforcers de Longacre","La ville est connue pour ses forteresses et son administration sévère."
Ville,Ravengro,"Un petit village d'Ustalav marqué par des histoires de fantômes et de mystères.","Ustalav, nord-est de l'Avistan","Ravengro est un village tranquille souvent perturbé par des événements surnaturels liés à l'ancienne prison de Harrowstone.","Fantômes, Aberrations","Vashian Hearthmount, Gibs Hephenus","Les Gardes de Ravengro, Les Investigateurs de Harrowstone","Le village est célèbre pour les ruines de la prison de Harrowstone."
Ville,Kibwe,"Une ville de commerce animée dans le Mwangi Expanse, connue pour sa diversité culturelle.","Mwangi Expanse, centre de Garund","Kibwe est un melting-pot où de nombreuses cultures se rencontrent pour échanger des biens et des idées.","Dinosaurs, Elementals","Mayor Noxolo, Trade Prince Zinlo","Les Marchands de Kibwe, Les Gardiens de la Jungle","La ville est célèbre pour son marché animé et sa diversité ethnique."
Ville,Zirnakaynin,"La capitale souterraine des elfes noirs (drows) dans le Darklands.","Darklands, sous Avistan","Zirnakaynin est une ville sombre et sinistre, dominée par des maisons nobles drows en perpétuelle lutte pour le pouvoir.","Drows, Demons","Matron Mother Naevia, Xelaran","Les Maisons Nobles de Zirnakaynin, Les Assassins du Crépuscule","La ville est célèbre pour son architecture souterraine et ses intrigues politiques."
Ville,Pezzack,"Une ville de Cheliax connue pour ses fréquentes rébellions contre le régime diabolique.","Cheliax, sud-ouest de l'Avistan","Pezzack est un foyer de dissidence où les rebelles cherchent à renverser la Maison Thrune.","Diables, Rebels","Chancellor Ardathanatus, Wynsal Starborn","Les Rebelles de Pezzack, Les Enforcers de Thrune","La ville est célèbre pour ses émeutes et son opposition farouche à Cheliax."
Ville,Tamran,"La capitale de Nirmathas, un bastion de résistance contre Molthune.","Nirmathas, centre de l'Avistan","Tamran est une ville fortifiée et un symbole de la lutte pour l'indépendance de Nirmathas.","Forest creatures, Rangers","Forest Marshal Weslen Gavirk, Irgal Nirmath","Les Rangers de Nirmathas, Les Libérateurs de Tamran","La ville est connue pour ses remparts et son esprit de résistance."
Ville,Hajoth Hakados,"Une ville frontière de Numeria, connue pour son mélange de technologie et de barbarie.","Numeria, nord-est de l'Avistan","Hajoth Hakados est une ville où les merveilles technologiques et les tribus barbares coexistent.","Technomanciens, Barbarians","Lord Krenshaw, Xoud","Les Technomanciens de Numeria, Les Guerriers de Hakados","La ville est célèbre pour ses marchés de technologie et ses arènes de combat."
Ville,Starfall,"La capitale de Numeria, dominée par les secrets technologiques et le pouvoir de la Légion d'Argent.","Numeria, nord-est de l'Avistan","Starfall est une ville de contrastes où la technologie extraterrestre rencontre la brutalité des tribus locales.","Robots, Mutants","Kevoth-Kul, Unity","La Légion d'Argent, Les Technomanciens de Starfall","La ville est célèbre pour la Tour de Brècheciel et ses marchés de métal précieux."
Ville,Kyalla,"Une ville portuaire dans la région de Jalmeray, connue pour ses échanges commerciaux et culturels.","Jalmeray, Mer Intérieure","Kyalla est un centre d'échanges culturels et commerciaux, influencé par les traditions Vudrani.","Rakshasas, Elementals","Maharaja Raheem, Saira al-Jakri","Les Marchands de Kyalla, Les Mystiques de Jalmeray","La ville est célèbre pour ses festivals culturels et ses marchés animés."
Ville,Fort Inevitable,"Une ville forteresse dirigée par les Hellknights de la Citadelle Vraid.","Ouest de l'Avistan","Fort Inevitable est une cité fortifiée sous le contrôle strict des Hellknights.","Hellknights, Devils","Paravicar Acillmar, Lady Commander Drovust","Les Hellknights de la Citadelle Vraid, Les Enforcers de Fort Inevitable","La ville est célèbre pour ses lois strictes et son ordre implacable."
Ville,Abken,"Un village fortifié d'Andoran, connu pour sa communauté soudée et ses festivals annuels.","Andoran, sud-ouest de l'Avistan","Abken est un village paisible où les habitants célèbrent l'harmonie et l'abondance chaque année.","Esprits de la forêt, Fées","Maire Grelda Swiftfoot, Sir Roderick","La Garde locale, Les Druides de Verduran","Le village est célèbre pour le festival de la moisson et ses forêts environnantes."
Ville,Wolf's Ear,"Un village de Varisie connu pour sa population de lycanthropes.","Varisie, nord-ouest de l'Avistan","Wolf's Ear était autrefois une colonie de lycanthropes, maintenant plus tolérante envers ces créatures.","Lycanthropes, Loups-Garous","Aliegha Moonshadow, Boris the Hunter","Les Gardes de Wolf's Ear, La Meute du Crépuscule","Le village est célèbre pour sa tolérance relative envers les lycanthropes et ses forêts sauvages."
Ville,Karas,"Une ville de Kyonin peuplée principalement d'elfes, connue pour sa magie et sa beauté naturelle.","Kyonin, sud de l'Avistan","Karas est une cité elfique où la magie et la nature sont en harmonie.","Fées, Élémentaires","Reine Telandia Edasseril, High Mage Valthazar","Les Gardiens de Kyonin, Les Druides de Karas","La ville est célèbre pour ses tours de cristal et ses forêts enchantées."
Ville,Sandpoint,"Une petite ville de Varisie connue pour ses aventures et ses mystères.","Varisie, nord-ouest de l'Avistan","Sandpoint est une ville prospère malgré ses fréquents troubles, notamment ceux liés à la vieille lumière.","Goblines, Dragons","Ameiko Kaijitsu, Belor Hemlock","Les Héros de Sandpoint, La Milice de Sandpoint","La ville est célèbre pour le Cataclysm de Chopper et le festival de Swallowtail."
Ville,Korin,"Une ville portuaire de Nirmathas, connue pour ses marchés et ses chantiers navals.","Nirmathas, centre de l'Avistan","Korin est une ville animée, essentielle au commerce maritime de Nirmathas.","Sirènes, Pirates","Capitaine Rona, Gouverneur Larken","Les Marchands de Korin, Les Gardiens du Port","La ville est célèbre pour ses festivals maritimes et ses chantiers navals."
Ville,Yanmass,"Une ville de commerce d'Andoran située sur les routes caravanes entre Taldor et le nord de Garund.","Andoran, sud-ouest de l'Avistan","Yanmass est une plaque tournante du commerce, reliant plusieurs régions par des routes caravanières.","Bandits, Marchands","Dame Parthena, Chanoine Gallegos","Les Gardiens de la Route, Les Marchands de Yanmass","La ville est connue pour ses marchés animés et son festival de la route."
Ville,Riddleport,"Une ville portuaire de Varisie connue pour ses intrigues criminelles et ses mystères.","Varisie, nord-ouest de l'Avistan","Riddleport est un refuge pour les pirates, les contrebandiers et les aventuriers cherchant des réponses aux mystères des Cyphergates.","Pirates, Contrebandiers","Boss Croat, Elias Tammerhawk","La Ligue des Cyphermages, Les Pirates de Riddleport","La ville est célèbre pour son arche énigmatique, la Cyphergate."
Ville,Sabado,"Une ville agricole de Taldor, connue pour ses vignobles et ses festivités annuelles.","Taldor, centre-sud de l'Avistan","Sabado est une ville prospère grâce à son agriculture et ses vins réputés.","Bandits, Faunes","Maire Julio Martis, Dame Andara","Les Vignerons de Sabado, La Milice de Sabado","La ville est célèbre pour son festival des vendanges et ses marchés de vin."
Ville,Greengold,"Une ville portuaire de Kyonin, souvent utilisée comme point d'entrée pour les étrangers.","Kyonin, sud de l'Avistan","Greengold est une ville où les non-elfes peuvent commercer et interagir avec le royaume elfique de Kyonin.","Fées, Élémentaires","Ambassadeur Thandion, Capitaine Raleth","Les Gardiens de Greengold, Les Marchands de Kyonin","La ville est célèbre pour ses marchés animés et son port accueillant."
Ville,Senghor,"Une ville portuaire indépendante sur la côte sud de Garund, connue pour son commerce maritime.","Sud de Garund, Mwangi Expanse","Senghor est une cité-état prospère, protégée par de puissantes fortifications et une flotte navale redoutable.","Pirates, Monstres marins","Amirale Obehla, Consul Keris","La Flotte de Senghor, Les Marchands de Senghor","La ville est célèbre pour ses docks animés et sa diversité culturelle."
Ville,Eleder,"La capitale de Sargava, un point de rencontre de cultures et de commerce maritime.","Sargava, sud-ouest de Garund","Eleder est une ville portuaire influencée par diverses cultures en quête de son identité post-coloniale.","Créatures de la jungle, Pirates","Baron Utilinus, Ieana","Les Libérateurs de Sargava, Les Flibustiers de l'Ouest","La ville est connue pour son port animé et ses divers marchés."
Ville,Sothis,"La capitale d'Osirion, dominée par la Grande Pyramide Noire.","Osirion, nord de Garund","Sothis est une ville ancienne et vénérable, riche en histoire pharaonique et en mystères.","Momies, Sphinx","Pharaon Khemet III, Grand Vizir","La Société des Éclaireurs, Les Érudits de Sothis","La ville est connue pour ses grandes pyramides et ses nombreux temples anciens."
Ville,Westcrown,"Ancienne capitale de Cheliax, connue pour ses canaux et ses ruines.","Cheliax, sud-ouest de l'Avistan","Westcrown est une ville en déclin, hantée par des ombres et dominée par la criminalité.","Ombres, Diables","Eccardian Drovenge, Aberian Arvanxi","Les Enforcers de Westcrown, Les Ombres de la Nuit","La ville est célèbre pour ses ruines anciennes et ses intrigues politiques."
Ville,Kintargo,"Une ville rebelle de Cheliax, connue pour sa résistance culturelle et politique.","Cheliax, sud-ouest de l'Avistan","Kintargo est un centre de dissidence contre la domination diabolique de Cheliax.","Diables, Révolutionnaires","Barzillai Thrune, Shensen","Les Insurgés de Kintargo, Les Artistes de la Libération","La ville est célèbre pour son mouvement de résistance et ses artistes dissidents."
Ville,Whitethrone,"La capitale glaciale d'Irrisen, gouvernée par les sorcières de Baba Yaga.","Irrisen, nord-ouest de l'Avistan","Fondée par Baba Yaga, Whitethrone est un centre de pouvoir glacial et magique.","Trolls de glace, Fées de l'hiver","Reine Elvanna, Baba Yaga","Les Sorcières de l'Hiver, Les Chevaliers de l'Hiver","La ville est célèbre pour son palais de glace et ses marchés hivernaux."
Ville,Nybor,"Une petite ville d'Andoran connue pour ses festivals et ses riches terres agricoles.","Andoran, sud-ouest de l'Avistan","Nybor est une communauté agricole prospère avec une forte tradition de festivals saisonniers.","Esprits de la nature, Faunes","Maire Lorwin Greenspan, Dame Calisra","Les Fermiers de Nybor, Les Druides de Verduran","La ville est célèbre pour ses festivals de la moisson et ses marchés de produits frais."
Ville,Riddleport,"Une ville portuaire de Varisie connue pour ses intrigues criminelles et ses mystères.","Varisie, nord-ouest de l'Avistan","Riddleport est un refuge pour les pirates, les contrebandiers et les aventuriers cherchant des réponses aux mystères des Cyphergates.","Pirates, Contrebandiers","Boss Croat, Elias Tammerhawk","La Ligue des Cyphermages, Les Pirates de Riddleport","La ville est célèbre pour son arche énigmatique, la Cyphergate."
Ville,Greengold,"Une ville portuaire de Kyonin, souvent utilisée comme point d'entrée pour les étrangers.","Kyonin, sud de l'Avistan","Greengold est une ville où les non-elfes peuvent commercer et interagir avec le royaume elfique de Kyonin.","Fées, Élémentaires","Ambassadeur Thandion, Capitaine Raleth","Les Gardiens de Greengold, Les Marchands de Kyonin","La ville est célèbre pour ses marchés animés et son port accueillant."
Ville,Kibwe,"Une ville de commerce animée dans le Mwangi Expanse, connue pour sa diversité culturelle.","Mwangi Expanse, centre de Garund","Kibwe est un melting-pot où de nombreuses cultures se rencontrent pour échanger des biens et des idées.","Dinosaurs, Elementals","Mayor Noxolo, Trade Prince Zinlo","Les Marchands de Kibwe, Les Gardiens de la Jungle","La ville est célèbre pour son marché animé et sa diversité ethnique."
Ville,Ravengro,"Un petit village d'Ustalav marqué par des histoires de fantômes et de mystères.","Ustalav, nord-est de l'Avistan","Ravengro est un village tranquille souvent perturbé par des événements surnaturels liés à l'ancienne prison de Harrowstone.","Fantômes, Aberrations","Vashian Hearthmount, Gibs Hephenus","Les Gardes de Ravengro, Les Investigateurs de Harrowstone","Le village est célèbre pour les ruines de la prison de Harrowstone."
Ville,Pezzack,"Une ville de Cheliax connue pour ses fréquentes rébellions contre le régime diabolique.","Cheliax, sud-ouest de l'Avistan","Pezzack est un foyer de dissidence où les rebelles cherchent à renverser la Maison Thrune.","Diables, Rebels","Chancellor Ardathanatus, Wynsal Starborn","Les Rebelles de Pezzack, Les Enforcers de Thrune","La ville est célèbre pour ses émeutes et son opposition farouche à Cheliax."
Ville,Thronestep,"La capitale du Razmiran, dominée par le culte de Razmir.","Razmiran, nord-est de l'Avistan","Thronestep est une ville où la foi en Razmir est imposée de manière draconienne.","Prêtres fanatiques, Esprits","Razmir, Commandant Marcarian","Les Prêtres de Razmir, Les Chevaliers de la Foi","La ville est connue pour son temple imposant et ses rituels oppressifs."
Ville,Vigil,"La capitale fortifiée de Lastwall, un bastion contre les forces des morts-vivants.","Lastwall, nord de l'Avistan","Vigil est une ville militaire, dédiée à la défense contre les menaces de Gallowspire et au-delà.","Morts-vivants, Liches","Commandant Ashworth, Dame Opaline","Les Gardiens de l'Aube, Les Paladins de Lastwall","La ville est célèbre pour ses fortifications robustes et son engagement martial."
Ville,Galtan,"Une ville en constante révolution, marquée par la violence et l'instabilité politique.","Galt, centre-est de l'Avistan","Galtan est une ville où les révolutions fréquentes ont laissé des cicatrices profondes.","Révolutionnaires, Espions","Korran Goss, Hosetter","Les Faucheurs Rouges, Les Révolutionnaires de Galt","La ville est connue pour ses exécutions publiques et son atmosphère volatile."
Ville,Breachill,"Une ville frontière connue pour ses appels à l'aide mensuels pour résoudre des problèmes locaux.","Isger, sud de l'Avistan","Breachill est connue pour son esprit communautaire et son historique de collaborations héroïques.","Gobelins, Bandits","Maire Greta Gardania, Warbal Bumblebrasher","Les Défenseurs de Breachill, Les Aventuriers Locaux","La ville est célèbre pour son programme unique de recrutement d'aventuriers."
Ville,Belzken,"Un village situé dans les étendues de Belkzen, souvent victime de raids orques.","Belkzen, nord-ouest de l'Avistan","Belzken est souvent en état d'alerte constant contre les attaques de tribus orques.","Orques, Géants","Chieftain Grask Uldeth, Shaman Kazrak","Les Défenseurs de Belzken, Les Sentinelles de la Frontière","La ville est connue pour ses palissades robustes et ses tours de guet."
Ville,Hammer Rock,"Une ville fortifiée naine connue pour ses riches mines de métal précieux.","Montagnes des Cinq Rois, Avistan","Hammer Rock est une source majeure de métaux précieux pour les nations voisines.","Dragons, Nains","Roi Borogrim, Maître Forgeron Durok","Les Forgerons de Hammer Rock, La Guilde des Mineurs","La ville est célèbre pour ses mines profondes et ses armes de qualité exceptionnelle."
Ville,Fort Ramgate,"Un fort militaire stratégique utilisé pour protéger les routes commerciales.","Nirmathas, centre de l'Avistan","Fort Ramgate joue un rôle crucial dans la protection des convois marchands et des routes commerciales.","Bandits, Soldats","Commandant Garik, Capitaine Elena","Les Gardes de Ramgate, Les Sentinelles de la Route","La ville est connue pour ses fortifications imposantes et ses marchés sécurisés."
Ville,Torch,"Une ville de Numeria, connue pour sa flamme perpétuelle et ses technologies anciennes.","Numeria, nord-est de l'Avistan","Torch est un centre de recherche et d'exploitation technologique, attirant des technomanciens et des explorateurs.","Robots, Mutants","Khonnir Baine, Dolga Feddert","Les Technomanciens de Torch, Les Explorateurs de Numeria","La ville est célèbre pour sa flamme perpétuelle utilisée pour le travail des métaux rares."
Ville,Katapesh,"Une ville libre prospérant sur le commerce de toutes sortes de biens, y compris les plus exotiques et illégaux.","Katapesh, sud de Garund","Katapesh est un centre commercial où tout peut être acheté pour le bon prix.","Génies, Esclaves","Pasha Muhlia al-Jakri, Père Jackal","Les Marchands de Katapesh, Les Gardiens du Crépuscule","La ville est célèbre pour son vaste marché nocturne et son commerce d'esclaves."
Ville,Peddlegate,"Un village tranquille d'Andoran connu pour son artisanat et son esprit communautaire.","Andoran, sud-ouest de l'Avistan","Peddlegate est une communauté prospère grâce à son artisanat de haute qualité.","Esprits de la nature, Bandits","Maire Eliana Wood, Capitaine Feron","Les Artisans de Peddlegate, La Milice Locale","La ville est célèbre pour ses foires artisanales et son marché hebdomadaire."
Ville,Pious Heights,"Une ville sacrée de Lastwall dédiée à la formation de paladins et de prêtres.","Lastwall, nord de l'Avistan","Pious Heights est un centre religieux et militaire dédié à la lutte contre les morts-vivants.","Morts-vivants, Liches","Grand Prêtre Arlos, Paladin Commander Mira","Les Ordres Sacrés de Pious Heights, Les Chevaliers de Lastwall","La ville est célèbre pour ses temples imposants et ses rituels sacrés."
Ville,Ravenmoor,"Un village rural isolé avec un sombre secret et des traditions inquiétantes.","Ustalav, nord-est de l'Avistan","Ravenmoor est un village apparemment paisible mais avec des pratiques occultes sous la surface.","Aberrations, Cultistes","Maire Kriegler, Ancienne Viorian","Les Gardiens de Ravenmoor, Les Cultistes de l'Ancienne","La ville est connue pour ses festivals inquiétants et ses mystérieuses disparitions."
Ville,Bis,"Un village minier en Ustalav souvent en proie à des créatures des ténèbres.","Ustalav, nord-est de l'Avistan","Bis est une communauté de mineurs vivant sous la menace constante des créatures souterraines.","Vampires, Ombres","Maire Jakta, Capitaine Verin","Les Mineurs de Bis, Les Défenseurs de la Nuit","La ville est célèbre pour ses riches mines et ses légendes de terreur."
Ville,Dustpawn,"Une ville isolée dans les Terres Fracturées, connue pour ses tempêtes de poussière constantes.","Terres Fracturées, est de l'Avistan","Dustpawn est une communauté résiliente vivant dans des conditions extrêmes de tempêtes de poussière.","Élémentaires de poussière, Bandits","Maire Thaddeus Dustwalker, Chaman Yara","Les Survivants de Dustpawn, Les Éclaireurs du Désert","La ville est connue pour ses techniques de survie et ses bâtiments résistants à la poussière."
Ville,Bladswell,"Une ville fortifiée en Mendev, souvent attaquée par les forces démoniaques de la Plaie du Monde.","Mendev, nord-est de l'Avistan","Bladswell est une ville en état de siège constant, défendue par des paladins et des guerriers dévoués.","Démons, Balors","Commandant Aric, Paladin Sera","Les Défenseurs de Bladswell, Les Croisés de Mendev","La ville est célèbre pour ses fortifications et ses batailles héroïques."
Ville,Fangwood Keep,"Une forteresse en Nirmathas utilisée comme base avancée contre les attaques de Molthune.","Nirmathas, centre de l'Avistan","Fangwood Keep est une forteresse stratégique située à l'orée de la forêt de Fangwood.","Soldats, Rangers","Commandant Varian, Ranger Elise","Les Gardiens de Fangwood, Les Sentinelles de Nirmathas","La ville est connue pour ses embuscades et ses défenses forestières."
Ville,Azlanti Keep,"La capitale ancienne de l'empire Azlanti, maintenant en ruines sous la mer.","Mer Intérieure","Azlanti Keep est un vestige de l'ancienne civilisation Azlanti, riche en artefacts et en mystères.","Kraken, Atlantes","Emperor Azlant, High Mage Zaelios","Les Gardes de l'Empire, Les Érudits de l'Océan","La ville est connue pour ses ruines sous-marines et ses trésors anciens."
Ville,Mosswater,"Une ville abandonnée envahie par des créatures marécageuses après une catastrophe mystérieuse.","Royaumes Fluviaux, centre-est de l'Avistan","Mosswater était autrefois prospère avant d'être submergée par une invasion de monstres du marais.","Hydres, Trolls des Marais","Baroness Ivona, Capitaine Grella","Les Survivants de Mosswater, Les Explorateurs des Marais","La ville est célèbre pour ses ruines submergées et ses légendes effrayantes."
Ville,Riverton,"Une ville de pêcheurs et de commerçants située sur les rives du fleuve Sellen.","Andoran, sud-ouest de l'Avistan","Riverton est un centre de commerce fluvial, reliant plusieurs régions par la voie navigable.","Esprits de l'eau, Pirates","Maire Helena, Capitaine Drakus","Les Pêcheurs de Riverton, Les Marchands du Fleuve","La ville est célèbre pour son marché de poissons et ses festivals fluviaux."
Organisation,La Société des Éclaireurs,"Une organisation d'explorateurs et d'archéologues dédiée à la découverte et à la documentation des secrets du monde.","Base principale à Absalom, mais présente partout en Golarion","Fondée il y a des siècles, la Société est célèbre pour ses exploits et ses découvertes.","N/A","Venture-Captain Drandle Dreng, Sheila Heidmarch","N/A","Les membres de la Société des Éclaireurs sont souvent envoyés en mission pour explorer des ruines anciennes et rapporter des artefacts et des connaissances."
Organisation,Les Chevaliers Infernaux,"Une organisation d'élite dédiée à l'ordre et à la loi, souvent en utilisant des moyens draconiens.","Basée principalement en Cheliax, mais avec des forteresses partout en Avistan","Connus pour leur discipline stricte et leur allégeance à la Maison Thrune et à la reine Abrogail.","Diables, Infernaux","Paravicar Acillmar, Dame Drovust","La Maison Thrune, Les Enforcers de Westcrown","Les Chevaliers Infernaux sont célèbres pour leurs armures intimidantes et leur utilisation de la magie diabolique."
Organisation,Les Croisés d'Iomedae,"Un ordre de paladins et de guerriers saints dédiés à la déesse Iomedae et à la lutte contre le mal.","Basé à Lastwall et Mendev","Fondés pour lutter contre les forces des morts-vivants et les démons de la Plaie du Monde.","Démons, Morts-vivants","Reine Galfrey, Hulrun Shappok","Les Gardiens de la Frontière, Les Sentinelles de Lastwall","Les Croisés sont connus pour leur bravoure, leur discipline et leurs croisades saintes."
Organisation,La Ligue des Cyphermages,"Un groupe d'érudits et de mages dédiés à l'étude des cyphers et des runes anciennes.","Riddleport, Varisie","Fondée par des mages intéressés par les mystères des Cyphergates et des ruines thassiloniennes.","N/A","Elias Tammerhawk, Clegg Zincher","Les Pirates de Riddleport, Les Enforcers de Cyphergate","La Ligue est célèbre pour ses recherches arcanes et ses découvertes historiques."
Organisation,Les Gardiens de la Pierre Étoile,"Une organisation secrète dédiée à la protection et à l'étude de la Pierre Étoile.","Basée principalement à Absalom, mais active dans tout Golarion","Les Gardiens existent depuis des siècles, protégeant ce puissant artefact des mains des tyrans et des conquérants.","N/A","Lord Gyr d'Absalom, Lady Darchana","Les Érudits de l'Académie, Les Protecteurs de l'Avistan","L'organisation est célèbre pour sa discrétion et ses membres dévoués."
Organisation,Les Gardiens de l'Hiver,"Une organisation de sorcières et de guerriers dédiés à la protection du royaume d'Irrisen.","Basée à Whitethrone, Irrisen","Fondée par Baba Yaga pour protéger son royaume éternel de l'hiver.","Trolls de glace, Fées de l'hiver","Reine Elvanna, Baba Yaga","Les Sorcières de l'Hiver, Les Chevaliers de l'Hiver","Les Gardiens sont connus pour leur magie glaciale et leur loyauté indéfectible à Baba Yaga."
Organisation,Les Frères des Tunnels,"Un groupe de contrebandiers et de mercenaires opérant sous la ville de Kaer Maga.","Kaer Maga, Varisie","Les Frères des Tunnels sont bien établis dans les labyrinthes souterrains de Kaer Maga, utilisant les tunnels pour échapper à la loi et transporter des marchandises illégales.","Chimères, Homoncules","Grosk, Janderhoff","Les Écumeurs de Sklor, Les Gardes de Kaer Maga","L'organisation est célèbre pour ses réseaux secrets et ses opérations clandestines."
Organisation,Les Ombres de la Nuit,"Un groupe d'assassins et d'espions opérant dans les rues de Westcrown.","Westcrown, Cheliax","Connus pour leurs opérations secrètes et leur influence dans les cercles politiques de Cheliax.","Ombres, Diables","Eccardian Drovenge, Aberian Arvanxi","Les Enforcers de Westcrown, Les Loyalistes de Thrune","Les Ombres sont célèbres pour leur efficacité et leur discrétion."
Organisation,Les Rebelles de Pezzack,"Un groupe de révolutionnaires cherchant à renverser le régime diabolique de Cheliax.","Pezzack, Cheliax","Formés en réponse à la tyrannie de la Maison Thrune, les Rebelles de Pezzack mènent des attaques furtives contre les forces de Cheliax.","Diables, Rebelles","Chancellor Ardathanatus, Wynsal Starborn","Les Révolutionnaires de Cheliax, Les Insurgés de Pezzack","Les Rebelles sont connus pour leur détermination et leur courage face à l'oppression."
Organisation,Les Druides de Verduran,"Un cercle de druide dédié à la préservation de la forêt de Verduran et de ses habitants.","Forêt de Verduran, Andoran","Fondés pour protéger les anciennes forêts d'Andoran contre l'exploitation et la destruction.","Esprits de la forêt, Faunes","Grand Druid Faena, Maire Grelda Swiftfoot","Les Gardiens de la Nature, Les Sentinelles de la Forêt","Les Druides sont célèbres pour leurs rituels naturels et leur connexion profonde avec la nature."
Organisation,Les Skalds du Nord,"Un groupe de bardes et de guerriers des Terres des Linnorm Kings, préservant les sagas et les histoires de leur peuple.","Terres des Linnorm Kings, nord de l'Avistan","Les Skalds voyagent de village en village, chantant les histoires des héros et des rois des Linnorms.","Linnorms, Trolls","White Estrid, Sveinn Blood-Eagle","Les Jarls des Linnorm Kings, Les Guerriers de Kalsgard","Les Skalds sont connus pour leurs chants épiques et leur rôle dans la préservation de l'histoire nordique."
Organisation,Les Mercenaires de Braganza,"Une compagnie de mercenaires bien entraînés au service de Molthune.","Molthune, centre-sud de l'Avistan","Fondés pour servir Molthune dans ses guerres d'expansion et de défense contre Nirmathas.","Soldats, Mercenaires","Général Lord Markwin Teldas, Commandant Vrykan Pendrot","Les Légions de Molthune, Les Gardiens de Canorate","Les Mercenaires de Braganza sont célèbres pour leur discipline militaire et leur efficacité sur le champ de bataille."
Organisation,Les Technomanciens de Starfall,"Un groupe de mages et de scientifiques dédiés à l'étude et à l'utilisation de la technologie extraterrestre de Numeria.","Starfall, Numeria","Fondés pour exploiter les merveilles technologiques découvertes dans les ruines extraterrestres de Numeria.","Robots, Mutants","Kevoth-Kul, Unity","La Légion d'Argent, Les Ingénieurs de Torch","Les Technomanciens sont connus pour leurs inventions avancées et leur maîtrise de la technologie ancienne."
Organisation,Les Pirates des Shackles,"Une coalition de pirates et de flibustiers qui contrôlent les mers autour des Shackles.","Les Shackles, sud de Garund","Formée pour résister aux forces extérieures et maintenir le contrôle des routes maritimes par les pirates.","Kraken, Pirates","Hurricane King Kerdak Bonefist, Tessa Fairwind","Les Flibustiers du Sud, Les Corsaires de Port Peril","Les Pirates sont célèbres pour leurs exploits audacieux et leur domination des mers."
Organisation,Les Vignerons de Sabado,"Un groupe de viticulteurs dédiés à la production des meilleurs vins de Taldor.","Sabado, Taldor","Fondés pour promouvoir et protéger l'art de la viticulture dans la région de Sabado.","Bandits, Faunes","Maire Julio Martis, Dame Andara","Les Fermiers de Sabado, La Milice de Sabado","Les Vignerons sont célèbres pour leurs vins exquis et leurs festivals annuels des vendanges."
Organisation,Les Gardes de Greengold,"Une milice locale dédiée à la protection de la ville portuaire de Greengold.","Greengold, Kyonin","Fondés pour protéger les intérêts des elfes et des non-elfes commerçant à Greengold.","Fées, Élémentaires","Ambassadeur Thandion, Capitaine Raleth","Les Marchands de Kyonin, Les Gardiens de la Forêt","Les Gardes sont célèbres pour leur vigilance et leur compétence en matière de défense."
Organisation,Les Insurgés de Kintargo,"Un groupe de rebelles cherchant à libérer Kintargo de la domination diabolique de Cheliax.","Kintargo, Cheliax","Formés en réponse à la tyrannie de Barzillai Thrune, les Insurgés luttent pour la liberté et la justice.","Diables, Révolutionnaires","Barzillai Thrune, Shensen","Les Révolutionnaires de Cheliax, Les Artistes de la Libération","Les Insurgés sont connus pour leur détermination et leur lutte contre l'oppression diabolique."
Organisation,Les Technomanciens de Torch,"Un groupe d'ingénieurs et de mages explorant les technologies anciennes de Torch.","Torch, Numeria","Fondés pour exploiter les merveilles technologiques découvertes dans les ruines extraterrestres de Numeria.","Robots, Mutants","Khonnir Baine, Dolga Feddert","Les Ingénieurs de Numeria, Les Explorateurs de Torch","Les Technomanciens sont célèbres pour leurs inventions avancées et leur maîtrise de la technologie ancienne."
Organisation,Les Skalds du Nord,"Un groupe de bardes et de guerriers des Terres des Linnorm Kings, préservant les sagas et les histoires de leur peuple.","Terres des Linnorm Kings, nord de l'Avistan","Les Skalds voyagent de village en village, chantant les histoires des héros et des rois des Linnorms.","Linnorms, Trolls","White Estrid, Sveinn Blood-Eagle","Les Jarls des Linnorm Kings, Les Guerriers de Kalsgard","Les Skalds sont connus pour leurs chants épiques et leur rôle dans la préservation de l'histoire nordique."
Organisation,Les Mercenaires de Braganza,"Une compagnie de mercenaires bien entraînés au service de Molthune.","Molthune, centre-sud de l'Avistan","Fondés pour servir Molthune dans ses guerres d'expansion et de défense contre Nirmathas.","Soldats, Mercenaires","Général Lord Markwin Teldas, Commandant Vrykan Pendrot","Les Légions de Molthune, Les Gardiens de Canorate","Les Mercenaires de Braganza sont célèbres pour leur discipline militaire et leur efficacité sur le champ de bataille."
Organisation,Les Technomanciens de Starfall,"Un groupe de mages et de scientifiques dédiés à l'étude et à l'utilisation de la technologie extraterrestre de Numeria.","Starfall, Numeria","Fondés pour exploiter les merveilles technologiques découvertes dans les ruines extraterrestres de Numeria.","Robots, Mutants","Kevoth-Kul, Unity","La Légion d'Argent, Les Ingénieurs de Torch","Les Technomanciens sont connus pour leurs inventions avancées et leur maîtrise de la technologie ancienne."
Organisation,Les Pirates des Shackles,"Une coalition de pirates et de flibustiers qui contrôlent les mers autour des Shackles.","Les Shackles, sud de Garund","Formée pour résister aux forces extérieures et maintenir le contrôle des routes maritimes par les pirates.","Kraken, Pirates","Hurricane King Kerdak Bonefist, Tessa Fairwind","Les Flibustiers du Sud, Les Corsaires de Port Peril","Les Pirates sont célèbres pour leurs exploits audacieux et leur domination des mers."
Organisation,Les Vignerons de Sabado,"Un groupe de viticulteurs dédiés à la production des meilleurs vins de Taldor.","Sabado, Taldor","Fondés pour promouvoir et protéger l'art de la viticulture dans la région de Sabado.","Bandits, Faunes","Maire Julio Martis, Dame Andara","Les Fermiers de Sabado, La Milice de Sabado","Les Vignerons sont célèbres pour leurs vins exquis et leurs festivals annuels des vendanges."
Organisation,Les Gardes de Greengold,"Une milice locale dédiée à la protection de la ville portuaire de Greengold.","Greengold, Kyonin","Fondés pour protéger les intérêts des elfes et des non-elfes commerçant à Greengold.","Fées, Élémentaires","Ambassadeur Thandion, Capitaine Raleth","Les Marchands de Kyonin, Les Gardiens de la Forêt","Les Gardes sont célèbres pour leur vigilance et leur compétence en matière de défense."
Organisation,Les Insurgés de Kintargo,"Un groupe de rebelles cherchant à libérer Kintargo de la domination diabolique de Cheliax.","Kintargo, Cheliax","Formés en réponse à la tyrannie de Barzillai Thrune, les Insurgés luttent pour la liberté et la justice.","Diables, Révolutionnaires","Barzillai Thrune, Shensen","Les Révolutionnaires de Cheliax, Les Artistes de la Libération","Les Insurgés sont connus pour leur détermination et leur lutte contre l'oppression diabolique."
Organisation,Les Technomanciens de Torch,"Un groupe d'ingénieurs et de mages explorant les technologies anciennes de Torch.","Torch, Numeria","Fondés pour exploiter les merveilles technologiques découvertes dans les ruines extraterrestres de Numeria.","Robots, Mutants","Khonnir Baine, Dolga Feddert","Les Ingénieurs de Numeria, Les Explorateurs de Torch","Les Technomanciens sont célèbres pour leurs inventions avancées et leur maîtrise de la technologie ancienne."
Divinité,Iomedae,"Déesse de la justice, de l'honneur, de la bravoure et du soleil.","Justice, Courage, Soleil, Honneur","Iomedae était une mortelle qui a passé l'Épreuve de la Pierre Étoile pour devenir une déesse, remplaçant Aroden en tant que déesse de la justice.","Reine Galfrey, Hulrun Shappok","Épée et soleil","Temple de l'Inébranlable à Absalom, Cathédrale de la Lame de l'Aube à Vigil","Iomedae est souvent représentée en armure brillante brandissant une épée longue."
Divinité,Desna,"Déesse des rêves, des étoiles, de la chance et des voyageurs.","Rêves, Étoiles, Chance, Voyage","Desna est une ancienne déesse qui a aidé à créer le monde et qui est connue pour sa bienveillance et sa guidance des voyageurs.","Cayden Cailean (dieu), Keren Rhinn","Papillon","Temple des Étoiles Vagabondes à Magnimar, Sanctuaire de la Lune Rêveuse à Kyonin","Desna est souvent représentée comme une femme ailée entourée de papillons."
Divinité,Abadar,"Dieu des villes, du commerce, de la loi et de la richesse.","Loi, Commerce, Richesse, Civilisation","Abadar est le gardien des clés de la première voûte et veille sur les transactions et les lois civiles.","Seigneur Gyr d'Absalom, Baron Dalsine","Clé dorée","Temple de la Première Voûte à Absalom, Banque d'Abadar à Katapesh","Abadar est souvent représenté comme un homme élégant portant une clé dorée."
Divinité,Asmodeus,"Dieu des contrats, du pouvoir, de la tyrannie et de l'enfer.","Contrats, Pouvoir, Tyrannie, Enfer","Asmodeus est l'un des diables originaux qui ont aidé à créer le multivers et règne sur l'enfer avec une poigne de fer.","Reine Abrogail II, Paravicar Acillmar","Pentagramme inversé","Cœur de l'Enfer à Egorian, Temple de l'Infernal à Cheliax","Asmodeus est souvent représenté comme un homme imposant avec des cornes et un sceptre."
Divinité,Calistria,"Déesse de la vengeance, du désir et des guêpes.","Vengeance, Désir, Guêpes","Calistria est une ancienne divinité elfique qui incarne la vengeance et le plaisir, souvent invoquée par ceux qui cherchent à se venger.","Vancaskerkin (famille), Shensen","Guêpe","Temple des Trois Délices à Kyonin, Maison des Désirs Cachés à Absalom","Calistria est souvent représentée comme une femme séduisante entourée de guêpes."
Divinité,Cayden Cailean,"Dieu de la liberté, du vin, de la bravoure et de la chance.","Liberté, Vin, Bravoure, Chance","Cayden Cailean était un mortel qui a passé l'Épreuve de la Pierre Étoile alors qu'il était ivre, devenant un dieu de la liberté et de la bravoure.","Mireya, Orlin Galesong","Chope de bière","Temple du Vin Éternel à Andoran, Taverne des Braves à Absalom","Cayden Cailean est souvent représenté comme un homme joyeux tenant une chope de bière."
Divinité,Gorum,"Dieu de la guerre, de la force, du combat et de la violence.","Guerre, Force, Combat, Violence","Gorum est une divinité ancienne vénérée par les guerriers et les combattants, invoquée avant les batailles pour garantir la victoire.","Amiri, Aric of Halvon","Casque à cornes","Temple du Sang et de l'Acier à Lastwall, Forteresse de Gorum à Numeria","Gorum est souvent représenté comme un guerrier en armure complète brandissant une épée massive."
Divinité,Gozreh,"Dieu/déesse de la nature, du vent, de la mer et de la tempête.","Nature, Vent, Mer, Tempête","Gozreh est une divinité duale qui incarne la mer et le ciel, vénérée par les marins et les druides.","Holomog, Nirmath","Vague et nuage","Temple des Marées Changeantes à Absalom, Sanctuaire des Vents Hurleurs à Andoran","Gozreh est souvent représenté comme une figure double avec des aspects masculins et féminins."
Divinité,Lamashtu,"Déesse des monstres, de la folie et des cauchemars.","Monstres, Folie, Cauchemars","Lamashtu est une ancienne déesse déchue qui règne sur les monstres et les créatures cauchemardesques.","Nualia, Bruthazmus","Mâchoire béante","Temple de la Folie Engendrée à Varisie, Sanctuaire des Cauchemars à Ustalav","Lamashtu est souvent représentée comme une femme monstrueuse avec des ailes de chauve-souris."
Divinité,Nethys,"Dieu de la magie et de la connaissance.","Magie, Connaissance","Nethys est une divinité puissante qui maîtrise toute forme de magie, respectée et crainte par les mages.","Arclord Nex, Old-Mage Jatembe","Œil qui voit tout","Temple de l'Œil Éternel à Nex, Bibliothèque de la Magie à Quantium","Nethys est souvent représenté avec une moitié de visage brûlée et l'autre intacte."
Divinité,Norgorber,"Dieu des secrets, des poisons, du meurtre et de la trahison.","Secrets, Poisons, Meurtre, Trahison","Norgorber est un dieu malveillant qui a passé l'Épreuve de la Pierre Étoile, souvent vénéré par les assassins et les espions.","Darl Jubannich, Strea Vestori","Masque noir","Temple des Ombres Silencieuses à Taldor, Sanctuaire du Secret Caché à Absalom","Norgorber est souvent représenté portant un masque noir dissimulant son visage."
Divinité,Pharasma,"Déesse de la naissance, de la mort, du destin et des prophéties.","Naissance, Mort, Destin, Prophéties","Pharasma est une déesse ancienne qui guide les âmes des morts vers leur destination finale et contrôle le destin de tous.","Nivar White, Erasnus","Spirale en forme de conque","Temple de la Spirale d'Argent à Absalom, Catacombes de Pharasma à Osirion","Pharasma est souvent représentée comme une femme entourée d'esprits et portant une robe de sépulture."
Divinité, Rovagug,"Dieu de la destruction, de la colère et du désastre.","Destruction, Colère, Désastre","Rovagug est un dieu monstrueux emprisonné au cœur de Golarion, vénéré par ceux qui cherchent à provoquer le chaos et la destruction.","Raskha, Ulamir","Bête à crocs","Temple de la Ruine à Belkzen, Fosse des Désastres à Katapesh","Rovagug est souvent représenté comme une créature massive et dévorante."
Divinité,Sarenrae,"Déesse de la guérison, de la rédemption, du soleil et de la vérité.","Guérison, Rédemption, Soleil, Vérité","Sarenrae est une déesse bienveillante qui prône la rédemption et la guérison, souvent vénérée par les guérisseurs et les protecteurs.","Khunin, Seranrae","Ankh ailé","Temple du Soleil Éternel à Osirion, Sanctuaire de la Rédemption à Qadira","Sarenrae est souvent représentée comme une femme radieuse tenant une épée flamboyante."
Divinité,Shelyn,"Déesse de la beauté, de l'art, de l'amour et de la musique.","Beauté, Art, Amour, Musique","Shelyn est une déesse bienveillante qui inspire les artistes et les amoureux, prônant la beauté et la passion dans toutes choses.","Eirdre, Allisara","Rose en fleur","Temple de l'Harmonie à Taldor, Jardin des Délices à Absalom","Shelyn est souvent représentée comme une femme magnifique portant une rose et une lyre."
Divinité,Torag,"Dieu de la forge, de la protection, de la stratégie et de la famille.","Forge, Protection, Stratégie, Famille","Torag est une divinité naine respectée par les artisans et les guerriers, connue pour ses enseignements sur la forge et la défense.","Roi Borogrim, Forgeron Durok","Marteau et enclume","Forteresse de Torag à Dernholm, Forge Éternelle à Highhelm","Torag est souvent représenté comme un nain puissant tenant un marteau et un bouclier."
Divinité,Urgathoa,"Déesse de la gloutonnerie, de la maladie et des morts-vivants.","Gloutonnerie, Maladie, Morts-vivants","Urgathoa est une déesse sombre qui incarne les plaisirs charnels et la non-mort, souvent vénérée par les nécromanciens.","Lucian Gorrick, Hespith","Crâne et faucille","Temple de la Débauche Éternelle à Geb, Sanctuaire de la Non-Mort à Ustalav","Urgathoa est souvent représentée comme une femme mi-vivante mi-squelettique."
Divinité,Zon-Kuthon,"Dieu de la douleur, de la perte et des ténèbres.","Douleur, Perte, Ténèbres","Zon-Kuthon est une divinité malveillante qui cherche à infliger la souffrance et à plonger le monde dans les ténèbres.","Kazavon, Nidal","Chaînes et crochets","Temple de l'Ombre Éternelle à Nidal, Cathédrale de la Douleur à Galt","Zon-Kuthon est souvent représenté comme une figure sombre et torturée entourée de chaînes."